{
   "ramens" : [
      {
         "name": "Shoyu ramen",
         "description" : "Soy sauce broth",
         "price" : 15.90,
         "image" : "",
         "rating" : 4.7
      },
      {
         "name": "Shio ramen",
         "description" : "Salt based broth",
         "price" : 14.90,
         "image" : "",
         "rating" : 4.5
      },
      {
         "name": "Miso ramen",
         "description" : "Miso paste based broth",
         "price" : 17.90,
         "image" : "",
         "rating" : 4.6
      },
      {
         "name": "Tonkotsu ramen",
         "description" : "Pork bones based broth",
         "price" : 16.90,
         "image" : "",
         "rating" : 4.8
      }
   ]
}
